<?xml version="1.0" encoding="UTF-8"?>
<beans xmlns="http://www.springframework.org/schema/beans"
	xmlns:xsi="http://www.w3.org/2001/XMLSchema-instance"
	xsi:schemaLocation="http://www.springframework.org/schema/beans https://www.springframework.org/schema/beans/spring-beans.xsd">
	
	<bean id="dataSource" class="org.springframework.jdbc.datasource.DriverManagerDataSource">
      <property name="driverClassName" value="oracle.jdbc.driver.OracleDriver" />
      <property name="url" value="jdbc:oracle:thin:@localhost:1521:orcl" />
      <property name="username" value="yhyeon" />
      <property name="password" value="a1234567" />
   </bean>
   
   <bean id="sqlSessionFactory" class="org.mybatis.spring.SqlSessionFactoryBean">
      <property name="dataSource" ref="dataSource" />
      <property value="classpath:/mybatis-config.xml" name="configLocation" />
      <property value="classpath:mappers/**/*Mapper.xml" name="mapperLocations" />
   </bean>
   
   <bean id="sqlSession" class="org.mybatis.spring.SqlSessionTemplate" destroy-method="clearCache">
      <constructor-arg name="sqlSessionFactory" ref="sqlSessionFactory" />
   </bean>
		
</beans>
